unique_id,AutoARIMA,AutoTheta,AutoETS,CES,MSTL,SeasonalNaive,WindowAverage,SeasWA,Naive,prophet,best_model
100_CPU,0.01496408,0.019261932,0.028483829,0.017398618,0.018900134,0.016072104,0.08640744,0.016072104,0.09334919,0.06694202208404328,AutoARIMA
101_CPU,0.014811724,0.01562449,0.013560866,0.015620936,0.014252803,0.013278681,0.033698753,0.013278681,0.036440346,0.026693233001907554,SeasonalNaive
102_CPU,0.004810019,0.005218669,0.0421632,0.03176332,0.021549033,0.0039635324,0.004989449,0.0039635324,0.0049580988,0.016322316041105237,SeasonalNaive
103_CPU,0.005738822,0.006077932,0.023394035,0.022748077,0.015100734,0.0043855533,0.0059615197,0.0043855533,0.0061627086,0.01165301793855886,SeasonalNaive
104_CPU,0.0052840505,0.006075419,0.005582734,0.01793138,0.013855788,0.0044118133,0.005422811,0.0044118133,0.0055418923,0.017173660331639622,SeasonalNaive
105_CPU,0.0039301924,0.0038316539,0.0039351503,0.011176817,0.0104544405,0.0028011398,0.0037297988,0.0028011398,0.0038991251,0.02542280931415116,SeasonalNaive
106_CPU,0.01062798,0.010087902,0.01022325,0.010223135,0.010027883,0.010845553,0.010173343,0.010845553,0.0130427545,0.009000799898666317,prophet
107_CPU,0.006618586,0.0063069747,0.0065473528,0.0075017754,0.008211527,0.005592419,0.006185129,0.005592419,0.007913403,0.005922602161697624,SeasonalNaive
108_CPU,0.014165448,0.005370237,0.005448388,0.013985089,0.015188341,0.003938991,0.00526878,0.003938991,0.0057706432,0.010499696211170549,SeasonalNaive
109_CPU,0.0050685015,0.0069578793,0.0318877,0.023880165,0.023512134,0.004296446,0.0053218715,0.004296446,0.0059485366,0.032482413131715626,SeasonalNaive
10_CPU,0.21969858,0.024322206,0.030289331,0.038022764,0.019390766,0.030586435,0.3682356,0.030586435,0.39574164,0.2648992760850728,MSTL
110_CPU,0.0041991314,0.0072493874,0.004199629,0.021484846,0.028130075,0.026469346,0.005302247,0.026469346,0.0042043887,0.12173919501079539,AutoARIMA
111_CPU,0.005641573,0.005226689,0.004402742,0.019233137,0.017880099,0.0081872605,0.004783377,0.0081872605,0.0042169825,0.013806854030358773,Naive
112_CPU,0.00416548,0.0049218102,0.0045203683,0.016060855,0.016610995,0.0036072535,0.0044414583,0.0036072535,0.0047184722,0.018024866433540412,SeasonalNaive
113_CPU,0.0052933977,0.0059810597,0.005458342,0.0146261435,0.014071013,0.0040989937,0.0054474603,0.0040989937,0.005398503,0.013831033676386897,SeasonalNaive
114_CPU,3.49928,0.08342997,16.856895,3.4467347,3.7551126,0.030712979,0.012482473,0.030712979,0.0022267748,2.2561328870030986,Naive
115_CPU,0.3929342,0.07215013,25.074615,4.539979,6.011375,0.012141145,0.00444782,0.012141145,0.0059412015,2.901039200819795,WindowAverage
116_CPU,0.37876764,0.07813374,9.934095,3.44415,3.8229632,0.020030465,0.013130945,0.020030465,0.01571367,1.8586768774988474,WindowAverage
117_CPU,0.39596963,0.055369828,13.100631,4.0689645,3.890068,0.021354593,0.0153614385,0.021354593,0.013836365,2.217226425938734,Naive
118_CPU,0.41677156,0.006746294,35.82056,6.187291,6.7678022,0.021966033,0.009016841,0.021966033,0.014536504,3.0198304913680243,AutoTheta
119_CPU,0.20277679,0.026156314,11.230109,2.4992669,3.2016392,0.06484436,0.028363679,0.06484436,0.0,1.152068203874301,Naive
11_CPU,0.002536769,0.0029950775,0.0028033934,0.0059984494,0.011392614,0.009056928,0.0043900562,0.009056928,0.0028000677,0.006132179284361156,AutoARIMA
120_CPU,0.61026704,0.0037174076,8.958559,1.8975699,2.5905502,0.018760938,0.003222924,0.018760938,0.0,0.9588039086687592,Naive
121_CPU,0.0,0.0,0.0,0.0,0.0,0.0,0.0,0.0,0.0,0.0,AutoARIMA
122_CPU,5.2758636,0.022552766,103.3698,53.01473,52.215244,0.105404586,0.014020812,0.105404586,0.011469325,36.35060926621109,Naive
123_CPU,4.431212,0.13761486,103.888214,52.21564,54.857353,1.196621,0.5794534,1.196621,0.14227785,45.120918411108704,AutoTheta
124_CPU,2.4614816,0.019711902,115.57155,47.15608,49.30771,0.24582393,0.0735494,0.24582393,0.011324113,36.46234339803826,Naive
125_CPU,4.094246,0.020318598,96.81135,48.89143,47.432663,0.22567993,0.009637719,0.22567993,0.010282701,34.04992612650446,WindowAverage
126_CPU,3.0847673,0.009220976,100.83526,49.63726,51.44346,0.2758877,0.057001665,0.2758877,0.010282926,37.728786598873285,AutoTheta
127_CPU,3.1454968,0.018193481,91.93579,46.8575,48.38187,0.12528287,0.019705644,0.12528287,0.010094787,33.42141104693949,Naive
128_CPU,4.4055448,0.20317027,34.38177,4.913844,5.526478,0.013390253,0.009578779,0.013390253,0.010023309,3.2939044941678315,WindowAverage
129_CPU,0.48469147,0.2962756,33.908066,4.7212563,5.425393,2.6459508,0.11997957,2.6459508,0.14987136,4.794854774529196,WindowAverage
12_CPU,0.006374291,0.006438572,0.006327952,0.009850774,0.0044905944,0.011142828,0.0052899946,0.011142828,0.013768888,0.006575083372276882,MSTL
130_CPU,0.5218093,0.29140407,35.31967,4.744544,6.7091694,99.96738,3.9458601,99.96738,0.026704274,5.099600863546098,Naive
131_CPU,0.61702657,0.01042876,1.2788558,7.8611736,7.09092,0.003521521,0.009063526,0.003521521,0.009657049,3.8740078341082715,SeasonalNaive
132_CPU,1.070803,0.010054371,13.49255,3.0748334,7.225419,0.0032207512,0.0084689995,0.0032207512,0.00954153,4.05413810862257,SeasonalNaive
133_CPU,1.0130398,0.011360731,11.683247,10.170985,7.371218,0.0038865933,0.008430495,0.0038865933,0.008858239,3.993347646245737,SeasonalNaive
134_CPU,1.3028166,0.009004452,2.380474,2.9369383,6.8573227,0.0036050593,0.008619301,0.0036050593,0.0088895885,4.281068935400825,SeasonalNaive
135_CPU,0.87530535,0.009312681,10.557824,5.3146925,6.8377895,0.0036563864,0.008874267,0.0036563864,0.009060619,3.567308215745807,SeasonalNaive
136_CPU,1.0758673,0.012057051,2.062611,3.607438,7.2535267,0.003829625,0.008928532,0.003829625,0.009478042,3.84614989483625,SeasonalNaive
137_CPU,0.9259488,0.009186753,10.579399,2.4406707,5.7504187,0.003945659,0.009079278,0.003945659,0.009449275,3.158864902363472,SeasonalNaive
138_CPU,1.1284007,0.041165266,9.987752,2.581508,6.5246334,0.05652255,0.031189153,0.05652255,0.058134027,3.136497444860314,WindowAverage
139_CPU,0.92700917,0.0087081855,12.163258,6.46576,7.7377267,0.004914065,0.009692702,0.004914065,0.009069841,4.308793889382352,SeasonalNaive
13_CPU,0.0025845454,0.0026237336,0.0030743899,0.002995923,0.0030109787,0.003737138,0.002709405,0.003737138,0.003523666,0.0024112441579854727,prophet
140_CPU,0.98419994,0.014593293,10.874156,3.057813,7.4091797,0.061879344,0.057197604,0.061879344,0.009381322,3.771864552815995,Naive
141_CPU,0.9781062,0.009689757,13.055843,2.9449234,6.493178,0.0043737628,0.009476507,0.0043737628,0.009012502,3.6055399680597153,SeasonalNaive
142_CPU,1.3993068,0.016306225,14.198215,3.3948605,7.083274,0.23116003,0.1792463,0.23116003,0.0104136085,3.534409565195602,Naive
143_CPU,1.7837785,0.018477373,13.236519,6.0782866,6.523477,0.15827772,0.1440044,0.15827772,0.013035358,3.2417790247180944,Naive
144_CPU,0.64276576,0.00954248,2.8787663,6.32282,6.498453,0.002922797,0.008331342,0.002922797,0.008439162,3.7073846768811154,SeasonalNaive
145_CPU,1.6131575,0.009685587,2.7204843,5.066128,5.9142666,0.0031459457,0.0095,0.0031459457,0.009712573,3.7079858496535842,SeasonalNaive
146_CPU,1.209842,3.7391179,12.061598,11.29629,5.349985,0.3358605,0.27568412,0.3358605,0.009483131,3.2927620492019813,Naive
147_CPU,0.6376446,0.008908353,2.803318,8.149199,7.910724,0.027903548,0.025093488,0.027903548,0.009048782,5.455729516864933,AutoTheta
148_CPU,0.83693254,0.011005027,3.2307422,10.546245,7.301081,0.005516886,0.010462442,0.005516886,0.009889404,4.492123647430359,SeasonalNaive
149_CPU,0.9647827,0.012998793,10.753415,11.995411,5.860773,0.010647509,0.015934896,0.010647509,0.009804687,3.337787807398872,Naive
14_CPU,0.0,0.0,0.0,0.0,0.0,0.0,0.0,0.0,0.0,0.0,AutoARIMA
150_CPU,0.89543873,0.009778548,12.240682,7.04838,6.2871413,0.0051893652,0.00992835,0.0051893652,0.008865636,3.2492233166773703,SeasonalNaive
151_CPU,1.1469274,0.008471626,2.6086943,2.958546,6.6537657,0.006295651,0.008983612,0.006295651,0.009370229,4.853906624386401,SeasonalNaive
152_CPU,1.0593439,0.008753499,10.132517,2.3165286,5.800693,0.004027085,0.008510649,0.004027085,0.008782257,3.1084530463774107,SeasonalNaive
153_CPU,1.2347652,0.008427717,13.110212,6.5676255,6.9371777,0.0045688665,0.009108249,0.0045688665,0.0082217185,3.611076811179201,SeasonalNaive
154_CPU,1.1002685,0.009618369,10.771988,9.029504,7.1480856,0.009988644,0.0142658865,0.009988644,0.009032069,4.292399967897817,Naive
155_CPU,1.8070087,0.011947529,13.699353,12.099682,7.0823965,0.016889893,0.01964231,0.016889893,0.00995413,3.8559582309818174,Naive
156_CPU,1.5499299,0.0102733355,1.4911445,5.3025107,6.270857,0.015554886,0.018394627,0.015554886,0.009513787,3.634732430462559,Naive
157_CPU,1.1525759,0.01047822,12.686712,3.6161144,6.4807544,0.01032455,0.01461928,0.01032455,0.008897139,3.4465476519984306,Naive
158_CPU,0.9148352,0.009884436,14.660989,8.420345,7.999544,0.0035558376,0.008894871,0.0035558376,0.010079361,4.7221232399997115,SeasonalNaive
159_CPU,0.5807016,0.0085003115,13.149716,3.0847015,6.71554,0.037065417,0.034169123,0.037065417,0.00932838,4.3584781246604685,AutoTheta
15_CPU,0.003131885,0.0029778832,0.0030060757,0.0029128378,0.003109801,0.006600652,0.003585444,0.006600652,0.0030366946,0.004321995825580352,CES
160_CPU,0.014345045,0.008345086,0.00834335,0.012476485,0.0053071813,0.027897766,0.027690439,0.027897766,0.008278467,0.015637835144004887,MSTL
161_CPU,8.267503e-05,7.426682e-05,8.798795e-05,8.160192e-05,8.1649734e-05,7.7160485e-06,7.102962e-05,7.7160485e-06,7.758917e-05,6.728809389045232e-05,SeasonalNaive
162_CPU,0.0008053542,0.00010846938,0.0001365766,0.0001930681,0.00012055708,0.0,0.0019345983,0.0,0.002040895,0.0012786341224642565,SeasonalNaive
163_CPU,0.38829723,0.1400375,0.12567988,3.6429126,6.9018307,6.9700794,2.6410599,6.9700794,0.12221134,40.36129846304916,Naive
164_CPU,0.007737432,8.6907836e-05,8.793378e-05,0.011784434,0.023215743,0.00013545957,7.742845e-05,0.00013545957,8.659126e-05,0.014186186882427149,WindowAverage
165_CPU,0.0006895766,0.00068951515,0.0007260462,0.0033271657,0.0016005435,0.00012860083,0.0006927834,0.00012860083,0.0006893004,0.026482556148387817,SeasonalNaive
166_CPU,0.007965457,0.004015234,0.0021377972,0.0026524635,0.0030056932,0.0023576817,0.0012087584,0.0023576817,0.0015449247,0.0010393058520867205,prophet
167_CPU,0.00019788137,0.00031356598,0.00028225346,0.0004222795,0.0003470233,0.0003309325,0.0018231848,0.0003309325,0.021352455,0.0008227988402299857,AutoARIMA
168_CPU,0.36137757,0.7945854,0.7245075,0.4475193,0.42132485,0.119730316,0.6740734,0.119730316,0.7245069,0.6315860319107988,SeasonalNaive
169_CPU,6.17284e-05,0.016748302,6.17284e-05,0.012152775,0.0025893217,0.000510974,6.601509e-05,0.000510974,6.17284e-05,0.009594716926941702,AutoARIMA
16_CPU,0.009466339,0.009688875,0.009774762,0.010445093,0.009607857,0.01592691,0.008033801,0.01592691,0.0075994506,0.00740458067848727,prophet
170_CPU,0.00837513,0.014040779,0.005623948,0.022502631,0.006586216,0.009596734,0.0049812593,0.009596734,0.012963835,0.009374838771303929,WindowAverage
171_CPU,0.0,8.727808e-08,8.152307e-06,8.036004e-05,0.00015177956,0.0,0.0,0.0,0.0,3.4259418660012e-05,AutoARIMA
172_CPU,0.0,3.5479463e-08,3.594384e-07,2.1978205e-06,3.059871e-06,0.0,0.0,0.0,0.0,1.3326248210747764e-06,AutoARIMA
173_CPU,4.2914575e-14,0.0,0.0,0.00444234,0.0021873135,0.0,0.0,0.0,0.0,0.017259118526713316,AutoTheta
174_CPU,0.0,5.3854738e-12,5.275979e-08,0.00014258921,2.6250427e-06,0.0,0.0,0.0,0.0,7.160668590576234e-07,AutoARIMA
175_CPU,0.0,5.4392637e-09,1.5245112e-07,2.2873062e-06,2.7558792e-06,0.0,0.0,0.0,0.0,1.4251451072820473e-06,AutoARIMA
176_CPU,0.0,5.3854738e-12,5.275979e-08,0.00014258921,2.6250427e-06,0.0,0.0,0.0,0.0,7.160668590576234e-07,AutoARIMA
177_CPU,0.029990409,0.037334096,0.018322613,0.018407492,0.016469967,0.015917815,0.03708773,0.015917815,0.0420602,0.038954152655183365,SeasonalNaive
178_CPU,1.6728109e-05,3.376126e-05,2.647056e-05,4.690247e-05,3.5818564e-05,1.2860085e-05,0.00628858,1.2860085e-05,0.0065972228,0.004163315721107586,SeasonalNaive
179_CPU,0.021735065,0.023555076,0.07632001,0.05658625,0.0516288,0.021560576,0.023634104,0.021560576,0.023610687,0.02645649437696463,SeasonalNaive
17_CPU,0.7257877,0.10297231,4.33011,2.6420755,1.1119206,0.0807733,0.08789444,0.0807733,0.052427027,1.3117339991737227,Naive
180_CPU,0.0,0.0,0.0,0.0,0.0,0.0,0.0,0.0,0.0,0.0,AutoARIMA
181_CPU,0.03822752,0.15193908,0.30651033,0.23398834,0.14554635,0.0038031563,2.2012224,0.0038031563,2.3398504,1.5393804272343892,SeasonalNaive
182_CPU,0.0033848267,0.0059947236,0.0057814857,0.008980624,0.0076830876,0.004855967,0.0038282317,0.004855967,0.01989712,0.006487151729237575,AutoARIMA
183_CPU,0.6379355,0.63613963,0.6397827,0.6319239,0.63732004,0.63805395,0.6387656,0.63805395,0.6408951,0.6357940296834986,CES
184_CPU,0.004893283,0.0017227891,0.0017076555,0.005491014,0.002576126,0.0037054187,0.0016829384,0.0037054187,0.0026243143,0.003047429494208786,WindowAverage
185_CPU,0.004580795,0.0047663245,0.017538758,50.269493,43.139145,0.01097299,0.010686923,0.01097299,0.0047573894,291.9696816122732,AutoARIMA
186_CPU,19.161457,0.030246206,0.0068266657,61.35546,44.638992,0.004831887,0.0053597335,0.004831887,0.030593809,286.86911037825075,SeasonalNaive
187_CPU,0.003080694,0.0017454657,0.0012088261,125.90738,45.680634,0.0002956751,0.00012673505,0.0002956751,0.0017882431,290.36723913353234,WindowAverage
188_CPU,0.0019616517,0.0018214093,0.05124778,0.010942108,0.0043808403,0.0023894035,0.0016747221,0.0023894035,0.0018072701,0.018270545342475377,WindowAverage
189_CPU,0.002187635,0.00018100088,0.0003928704,0.00024869168,0.0002205518,5.229767e-05,0.0007710334,5.229767e-05,0.00086248294,0.0005650257221375187,SeasonalNaive
18_CPU,0.007954153,0.007247498,0.007058858,0.0074126697,0.0057682423,0.0099481465,0.007448366,0.0099481465,0.006900131,0.007608865585903203,MSTL
190_CPU,0.0,1.8751284e-06,1.3341703e-06,1.4337708e-06,1.1807517e-06,0.0,0.0,0.0,0.0,4.861240648515733e-07,AutoARIMA
191_CPU,5.155414e-05,6.4143336e-05,0.00018584545,0.00011817246,0.00010248704,0.0,0.0005266203,0.0,0.00055555557,0.00035882399909024514,SeasonalNaive
192_CPU,0.00032553362,0.005764185,0.007172805,0.0034446355,0.0034584864,6.7729816e-05,5.1511634e-05,6.7729816e-05,5.058302e-05,0.0035093067188270433,Naive
193_CPU,0.0,0.0,0.0,0.0,0.0,0.0,0.0,0.0,0.0,0.0,AutoARIMA
194_CPU,0.027741954,0.00088043086,0.000648041,438.69455,559.08734,0.0009968173,0.00060574553,0.0009968173,0.000648041,1672.2174577716864,WindowAverage
195_CPU,0.028772632,0.00043558163,0.00043558163,378.35632,546.4602,0.0005927961,0.00040358206,0.0005927961,0.00043558163,1610.1590107089205,WindowAverage
196_CPU,0.028463555,0.0004311879,0.0004311879,398.01804,572.99133,0.00085240905,0.00038873954,0.00085240905,0.0004311879,1669.9087852121581,WindowAverage
197_CPU,0.05039781,0.0058531063,0.0043009305,599.6405,584.84125,0.0077126194,0.0030245632,0.0077126194,0.0043011606,1688.7150428906893,WindowAverage
198_CPU,0.11799838,0.044917688,0.038429245,0.021329068,0.02642849,0.25367188,0.19797836,0.25367188,0.019100823,0.15638911269820366,Naive
199_CPU,0.015509326,0.01653166,0.017207906,0.016381549,0.016252227,0.014126897,0.035648536,0.014126897,0.036007725,0.029733642528410233,SeasonalNaive
19_CPU,0.0028135965,0.0021606784,0.0026024915,0.0013243648,0.001800287,0.0015307785,0.0018634391,0.0015307785,0.010275205,0.0017942572550108398,CES
1_CPU,0.0016264364,0.04896705,0.002492617,0.54704565,0.8396463,0.003451042,0.0013194798,0.003451042,0.0022936743,0.9226735104984289,WindowAverage
200_CPU,0.023822166,0.03819348,0.035619393,0.017794205,0.017912552,0.01560485,0.0355352,0.01560485,0.035751883,0.03325058395769497,SeasonalNaive
201_CPU,0.015766291,0.034908313,0.033950374,0.017219922,0.01584894,0.017350174,0.036527395,0.017350174,0.033948466,0.027800688992242736,AutoARIMA
202_CPU,0.0025308644,0.0025291592,0.0025290842,0.019362211,0.045376655,0.6861137,0.081074245,0.6861137,0.0025308644,0.07930381155393805,AutoETS
203_CPU,0.9364947,0.00019742298,1.7660785,6.412443,2.9023597,0.0005161178,0.0002093471,0.0005161178,0.00019761658,8.56752326320246,AutoTheta
204_CPU,0.03277494,0.104712136,0.090978906,0.15110645,0.037535157,0.024731763,0.09096965,0.024731763,0.09312434,0.29159663790708,SeasonalNaive
205_CPU,0.018515117,0.0027775944,0.0027841441,0.020893626,0.0271539,0.0050345296,0.0015243967,0.0050345296,0.0027842033,0.029565599168932657,WindowAverage
206_CPU,0.057456985,126.28094,232.13898,120.60453,250.81389,0.000113704606,4.168814e-05,0.000113704606,4.3402822e-05,262.51565629522435,WindowAverage
207_CPU,0.00042555307,0.00045859406,0.24854305,0.035362855,0.036971312,4.4581855e-05,1.2770803e-05,4.4581855e-05,2.4005614e-05,0.01624111067167044,WindowAverage
208_CPU,0.0018474048,0.005646586,0.0034103927,0.0024208403,0.001976494,0.0017566875,0.28230768,0.0017566875,0.29920095,0.1871706258835088,SeasonalNaive
209_CPU,0.00017465703,0.018384695,0.008818325,0.0014457421,0.009878021,0.00015860736,0.41482192,0.00015860736,0.43843448,0.2923952829251153,SeasonalNaive
20_CPU,0.015575745,0.0059310873,0.102512926,0.061641376,0.029719613,0.0074839722,0.005552592,0.0074839722,0.0058775637,0.027814059345889805,WindowAverage
210_CPU,0.00019947712,0.020757219,0.006778283,0.0012518064,0.008630916,0.00019890259,0.40136772,0.00019890259,0.42822534,0.2789907456915888,SeasonalNaive
211_CPU,0.58092195,0.26290292,0.55469066,0.23345381,0.2518806,0.35194296,0.71072453,0.35194296,0.71733737,0.6353359397400927,CES
212_CPU,0.0008603389,0.023721134,0.0068367333,0.0034302287,0.010953179,0.0008603389,0.3488603,0.0008603389,0.36963394,0.24469221500584343,AutoARIMA
213_CPU,0.20338693,0.00070592697,2.6622972,0.28759927,0.59778583,0.00020541322,6.79575e-05,0.00020541322,7.945107e-05,0.22703422866385786,WindowAverage
214_CPU,0.006778405,0.027776917,0.036855508,0.010810279,0.02504546,0.008510802,0.0031963736,0.008510802,0.0039197532,0.016258708583234704,WindowAverage
215_CPU,0.043667186,1.7294215,14.918182,5.6736145,1.60962,0.068785116,45.82394,0.068785116,48.501877,31.012870940428066,AutoARIMA
216_CPU,0.08460395,0.055976722,0.09402151,0.053123154,0.054984,0.1602791,0.07650756,0.1602791,0.09061214,0.09220593672851574,CES
217_CPU,0.10225669,0.10234279,0.1015891,0.10124917,0.10223636,0.10349538,0.15939242,0.10349538,0.16557012,0.14035410345809823,CES
218_CPU,0.5305992,0.51205945,0.9047162,0.71147466,0.68773085,0.32892963,4.4063845,0.32892963,4.4830036,3.6441878929329894,SeasonalNaive
219_CPU,0.10744151,0.1590009,0.107912816,0.5746074,0.17649531,0.10339567,0.09853339,0.10339567,0.10744151,0.17737530113406097,WindowAverage
21_CPU,0.00093748834,0.0009618295,0.0009618725,0.00073116884,0.00073545874,0.00082987576,0.0009779553,0.00082987576,0.0009570575,0.0009130620376403484,CES
220_CPU,0.062126357,0.14907394,0.035825033,0.032904934,0.036214326,0.079580806,15.753815,0.079580806,16.59587,3.8487260181783185,CES
221_CPU,0.10149676,0.09939424,0.09885819,0.10195824,0.09943888,0.096855275,0.16674104,0.096855275,0.17523062,0.14940484004948218,SeasonalNaive
222_CPU,0.039939888,0.043197576,0.043778773,0.04211215,0.041763704,0.03982879,0.09963643,0.03982879,0.10278228,0.08245677698380417,SeasonalNaive
223_CPU,0.044473913,0.041105434,0.044708773,0.044398706,0.04460101,0.047027607,0.08275942,0.047027607,0.08786693,0.07048948551604185,AutoTheta
224_CPU,0.42500806,0.39677078,0.42402402,0.40917838,0.4135745,0.442441,0.5552181,0.442441,0.52548957,0.5066768229554529,AutoTheta
225_CPU,0.06685896,0.043317277,0.044444676,0.043559358,0.044123247,0.039559614,0.053519357,0.039559614,0.055840597,0.049158372220447194,SeasonalNaive
226_CPU,0.049424782,0.055157386,0.054342885,0.055659447,0.053208664,0.04028996,0.11836154,0.04028996,0.14839919,0.08401211247737221,SeasonalNaive
227_CPU,0.009714506,0.009154712,0.013654332,0.108286604,0.13066362,0.015839335,0.009120155,0.015839335,0.009714506,0.0332347712641131,WindowAverage
228_CPU,9.383659,5.568269,10.284488,16.996044,12.399972,9.064062,1.3151289,9.064062,0.017746255,7.085744895060375,Naive
229_CPU,0.07985751,0.067933306,0.08666512,0.0757114,0.07649285,0.085928805,0.20830718,0.085928805,0.26689553,0.16206880837540288,AutoTheta
22_CPU,1.9760138,0.9362387,1.2814697,0.6235951,1.2658372,2.4033558,0.55809945,2.4033558,0.010059105,1.5651588452700804,Naive
230_CPU,0.46075737,0.4679297,0.67324424,0.23955883,0.21333466,0.18727091,0.46498516,0.18727091,0.5448593,0.5770534676381935,SeasonalNaive
231_CPU,0.8996141,1.571638,1.4548959,0.8161277,0.9149935,1.0487483,21.835964,1.0487483,22.778978,14.736296000056285,CES
232_CPU,0.052004214,0.00032182358,445.1976,312.6923,565.71967,405.25168,12.959737,405.25168,0.00032182358,282.08443958097433,AutoTheta
233_CPU,0.047179013,0.00037883664,594.2683,315.31592,549.56635,360.56155,11.289037,360.56155,0.0002936385,215.06787073728435,Naive
234_CPU,22.9389,0.0002821815,572.47266,354.21106,583.8099,446.7161,15.294209,446.7161,0.00028260026,281.4447339724309,AutoTheta
235_CPU,0.06526479,0.00044508584,2.8606806,157.71382,161.17175,0.0106643345,0.002335167,0.0106643345,0.00044581614,142.34759295870302,AutoTheta
236_CPU,0.5776242,0.5536474,0.6267342,0.571501,0.59910035,1.0725278,0.5349582,1.0725278,0.67113006,0.580699330594213,WindowAverage
237_CPU,458.70676,501.87634,504.25586,509.07834,517.80273,354.6531,476.16125,354.6531,632.5298,491.6148313219312,SeasonalNaive
238_CPU,0.0,5.9547935e-09,4.3488944e-07,4.28585e-06,6.2778413e-06,0.0,0.0,0.0,0.0,1.7853134881458814e-06,AutoARIMA
239_CPU,0.0059936605,0.007263737,0.0049364152,0.022508355,0.011504023,0.0041435184,0.003253012,0.0041435184,0.00814386,0.015192198051683358,WindowAverage
23_CPU,0.0046370775,0.0053245863,0.005019775,0.007884293,0.0068476726,0.00278174,0.0046219653,0.00278174,0.0050198254,0.0073133745358149975,SeasonalNaive
240_CPU,2.3447908e-05,2.0259267e-06,0.00018458802,0.00037626317,0.00059814437,0.0,0.0,0.0,0.0,0.000235154622050544,SeasonalNaive
241_CPU,0.0067717303,0.0072894236,0.00683645,0.013509098,0.011541962,0.023492796,0.011943083,0.023492796,0.0053763785,0.02253708276064652,Naive
242_CPU,85.57059,4.3138914,25.204659,52.893932,72.21435,139.40498,48.24347,139.40498,0.004471021,84.51173038884603,Naive
243_CPU,0.0090334555,0.0092504015,0.008984722,0.017927969,0.015110407,0.017706621,0.011509174,0.017706621,0.008620536,0.013532345300992017,Naive
244_CPU,0.00012033785,0.00012151707,0.00012290443,0.00013509265,0.00013868454,0.000207503,0.00011731437,0.000207503,0.00013748213,0.0001330075240342387,WindowAverage
245_CPU,0.02525125,0.030270789,0.025525438,0.03142188,0.029988643,0.042376757,0.025776207,0.042376757,0.031776328,0.027959004709335038,AutoARIMA
246_CPU,0.008090876,0.0014183681,0.0014994708,0.009307853,0.023607492,0.074843764,0.012257469,0.074843764,0.0020060362,0.014111018792082522,AutoTheta
247_CPU,0.25944486,0.07303961,0.32284436,0.1569274,0.13338953,0.2660236,0.23553893,0.2660236,0.10227189,0.21247562793890004,AutoTheta
248_CPU,0.030645553,0.029744629,0.030635096,0.077217616,0.04840608,0.031341746,0.0113478135,0.031341746,0.030645553,0.06503539243321632,WindowAverage
249_CPU,0.0001649541,5.4858334e-05,0.0009762238,0.00020197584,0.00024916226,3.9437593e-05,5.3369342e-05,3.9437593e-05,6.6872424e-05,0.0001102499866340371,SeasonalNaive
24_CPU,0.044335548,0.0420009,0.31838498,0.8509148,1.1472893,41.0563,34.040104,41.0563,0.044335548,46.551632908867035,AutoTheta
250_CPU,0.0,0.0,0.0,0.0,0.0,0.0,0.0,0.0,0.0,0.0,AutoARIMA
251_CPU,2.586717,1.5808445,2.3555837,1.6825683,1.6898173,1.5271037,1.569812,1.5271037,1.6306051,1.5962317156215906,SeasonalNaive
252_CPU,20.797468,15.629582,16.195,20.819221,17.806242,19.246393,14.581205,19.246393,15.884299,15.175500492977973,WindowAverage
253_CPU,0.3467652,0.0017868509,0.0019704078,0.65806454,0.050107498,0.00318935,0.0016969156,0.00318935,0.0019234361,0.26141052731205405,WindowAverage
254_CPU,0.0,0.008175875,0.0,0.0038110195,0.0032461835,0.0,0.0,0.0,0.0,0.18170848426276684,AutoARIMA
255_CPU,4.122095e-07,0.06280765,0.0,0.029692564,0.024626834,0.0,0.0,0.0,0.0,1.1178234945314445,AutoETS
256_CPU,0.0,0.05370207,0.0,0.02548368,0.028834926,0.0,0.0,0.0,0.0,1.4190449923768054,AutoARIMA
257_CPU,0.07522769,0.0035603084,0.0032746673,0.0031683855,0.0026558684,0.00047432305,0.003400844,0.00047432305,0.004256043,0.00431446547814263,SeasonalNaive
258_CPU,0.14168197,0.0979099,0.13354065,0.07737983,0.09467259,0.016090585,0.041219093,0.016090585,0.043178152,0.09304534970373507,SeasonalNaive
259_CPU,0.00039912213,0.0017391586,0.00067893456,0.0027944653,0.0012276882,0.00032825323,0.00039630456,0.00032825323,0.013220008,0.0007185122051226677,SeasonalNaive
25_CPU,0.0392104,0.0024362984,0.0015482244,0.5882327,1.7007724,37.932137,32.528366,37.932137,0.0015408094,40.040489257282395,Naive
260_CPU,0.00046368275,0.0010531879,0.00020916079,0.001438009,0.0010982975,0.00014969031,0.00058028876,0.00014969031,0.0031238915,0.0004022558558729271,SeasonalNaive
261_CPU,0.00019938468,0.00014605616,0.0001460997,0.0008879424,0.00055156107,0.00017823237,0.00017798251,0.00017823237,0.00014609593,0.0008481242845802041,AutoTheta
262_CPU,0.023367591,0.0049120197,0.0049619046,0.002855574,0.003907799,0.014362569,0.005042899,0.014362569,0.005198689,0.00738975065381032,CES
263_CPU,0.11395521,0.18114918,0.18596476,0.10283827,0.27829686,0.45037672,0.16507572,0.45037672,1.7583916,0.1564917179600848,CES
264_CPU,0.0,0.02393846,0.05102195,0.0004938037,0.02511866,0.0,0.0,0.0,0.0,0.016897932482021344,AutoARIMA
265_CPU,9.84736e-05,0.00021490513,9.50949e-05,0.00017709954,0.00014405722,0.0001361026,9.3967894e-05,0.0001361026,9.837967e-05,0.00019337988346234135,WindowAverage
266_CPU,1.704371,0.14996243,0.008813891,5.5163217,4.770282,2.3104227,0.14995737,2.3104227,0.0072385836,22.796962182439742,Naive
267_CPU,1.0811477,0.14869185,0.17145824,1.7153407,2.435095,13.40035,2.1289732,13.40035,0.1714644,2.651735973436765,AutoTheta
268_CPU,0.24086377,0.059842307,2.8330252,0.7201665,0.7807897,1.4777408,0.5485477,1.4777408,0.32151705,3.621775432439502,AutoTheta
269_CPU,0.00917085,0.008983944,0.0089605395,0.06108307,0.039934684,0.040433522,0.018895943,0.040433522,0.008960137,0.46835369514371084,Naive
26_CPU,0.05386272,2.4575715,0.01659355,4.5698376,0.4597489,0.010366827,0.017279182,0.010366827,0.016593523,14.818714159435753,SeasonalNaive
270_CPU,3.7810276,0.0024778983,0.0024745993,3.3410535,1.325701,0.0034012015,0.0023040485,0.0034012015,0.0024743802,9.719933557366259,WindowAverage
271_CPU,0.28141165,0.003293708,0.010299205,0.0050765444,0.003714462,0.0054633175,0.00617395,0.0054633175,0.0075518135,0.005356766693309794,AutoTheta
272_CPU,0.021047534,0.0002679702,0.0002970069,0.0004550788,0.0004296141,0.0005386232,0.0002676136,0.0005386232,0.00029315625,0.00029753099136827437,WindowAverage
273_CPU,0.0024460966,0.00254962,0.0027868508,0.007050259,0.0054029785,0.0043501374,0.0022209184,0.0043501374,0.0030787038,0.00302955436624174,WindowAverage
274_CPU,0.21769041,0.0703863,0.07046211,0.6107185,0.39531547,0.4003942,0.25271535,0.4003942,0.07046313,0.7711677290963724,AutoTheta
275_CPU,1.0526819,0.22515331,1.8180743,0.80713,0.48786703,0.004002675,2.2664042,0.004002675,2.4122152,1.9737640765246196,SeasonalNaive
276_CPU,0.015580578,0.018521972,0.015448747,0.017962635,0.017769203,0.016708422,0.03450147,0.016708422,0.068421446,0.01871525758964635,AutoETS
277_CPU,0.051218655,0.050401647,0.048053484,0.0501941,0.050191935,0.053663,0.09131221,0.053663,0.09483839,0.07738635392739623,AutoETS
278_CPU,0.007676742,0.008742545,0.024373455,0.41235033,0.25894174,0.012837792,0.0069390154,0.012837792,0.0073774,0.1962285106601239,WindowAverage
279_CPU,1.121904,0.87288374,0.90328896,1.0588988,0.8764138,0.9003532,0.93462825,0.9003532,0.9398166,0.9740951241589411,AutoTheta
27_CPU,0.0018355479,0.0078159645,0.0018355441,0.289691,0.11458337,0.00030130605,0.0016498612,0.00030130605,0.0018355479,0.13969125976311872,SeasonalNaive
280_CPU,10.2879305,2.455942,9.592533,8.635033,5.8692603,0.27477068,2.0918589,0.27477068,2.475311,4.932263687765837,SeasonalNaive
281_CPU,0.065234296,0.057552304,0.05270843,0.058776423,0.03925307,0.051684678,0.047914293,0.051684678,0.06681241,0.07457049747527537,MSTL
282_CPU,0.025395434,0.036800668,0.02444195,0.029280083,0.031260587,0.02812415,0.7487689,0.02812415,0.7905385,0.46509183196180537,AutoETS
283_CPU,1.5992321,0.020386025,4.2216244,0.6639683,0.55011106,0.044116482,0.021260636,0.044116482,0.019167943,0.20782684798933657,Naive
284_CPU,0.50731015,0.5203067,0.4996428,0.5260483,0.5201528,0.45898396,0.98614204,0.45898396,0.94299453,0.8461766711939985,SeasonalNaive
285_CPU,1.2365999,10.140222,1.2348135,7.3777914,7.7954845,2.6171408,1.010591,2.6171408,1.2348268,7.7216230147848295,WindowAverage
286_CPU,0.014674508,0.20780505,0.011780916,0.043497242,0.039791368,0.014288602,0.20649655,0.014288602,0.46677902,0.20331207658784145,AutoETS
287_CPU,4.95656,0.9715078,0.9694255,1.1990049,1.1994936,2.2985883,0.97439796,2.2985883,2.4756155,0.9084380283150502,prophet
288_CPU,55.184437,55.235188,10.274919,54.984604,40.517265,0.42285,0.8506288,0.42285,1.4252104,33.366101354857555,SeasonalNaive
289_CPU,0.015375297,0.01585188,0.015794933,0.015538156,0.01558734,0.020572703,0.0354523,0.020572703,0.040637862,0.027838501857557145,AutoARIMA
28_CPU,0.0152854435,0.026369384,0.022830324,0.3513235,0.009082481,0.0026789722,0.014016498,0.0026789722,0.022830324,0.08796636934442903,SeasonalNaive
290_CPU,0.007963928,0.008204522,0.007989382,0.007708859,0.0073107905,0.012610833,0.007819328,0.012610833,0.010713305,0.00636304808684657,prophet
291_CPU,0.050001238,0.018334394,0.042740386,0.024887813,0.0204462,0.050019514,0.19138171,0.050019514,0.21860251,0.14613159986907912,AutoTheta
292_CPU,0.13757476,0.18167466,0.35718036,0.3888161,0.4677203,0.3182286,0.3590345,0.3182286,1.0623864,0.3595929120734581,AutoARIMA
293_CPU,0.8228533,0.8123899,0.93199337,0.85408044,0.84168977,0.8016577,0.62800413,0.8016577,0.8092891,0.5582174370468169,prophet
294_CPU,0.088621914,0.06170147,0.088243164,0.070209,0.053484764,0.058031566,0.19197297,0.058031566,0.20497087,0.1495847168520424,MSTL
295_CPU,0.013019156,0.010115523,0.024720669,0.018172449,0.011675256,0.013841603,0.16357566,0.013841603,0.19445282,0.10665951977271525,AutoTheta
296_CPU,1.6139446,0.18955556,10.358117,8.915522,6.0685215,0.0069288774,0.17189817,0.0069288774,0.18383956,4.612184278297044,SeasonalNaive
297_CPU,0.045537252,0.035108164,0.023368362,9.175529,6.8448625,0.099424526,0.035456214,0.099424526,0.031249493,11.24192910865321,AutoETS
298_CPU,0.083576925,0.06098569,0.061014134,0.13208403,0.05327184,0.16915989,0.15213175,0.16915989,0.060103554,0.2747204594630681,MSTL
299_CPU,0.04845573,0.048960473,0.04965536,0.047525413,0.046797063,0.04566853,0.048539218,0.04566853,0.049284972,0.046266725094033345,SeasonalNaive
29_CPU,0.0024045177,0.0029039844,0.0024043536,0.0033392245,0.002214658,0.0009919276,0.0024199272,0.0009919276,0.0024175087,0.0030285753046985957,SeasonalNaive
2_CPU,0.0,0.0,0.0,0.0,0.0,0.0,0.0,0.0,0.0,0.0,AutoARIMA
300_CPU,1.8297839,0.3925705,0.38951626,0.3979282,0.3860605,0.34610686,0.44978374,0.34610686,0.4606954,0.4340637617118922,SeasonalNaive
301_CPU,0.07154157,0.071532466,0.0715803,0.055585418,0.05530618,0.04998702,0.07098579,0.04998702,0.07243054,0.06709709308278443,SeasonalNaive
302_CPU,0.38664967,0.042108167,0.042097133,0.041594885,0.041354954,0.046306577,0.057254493,0.046306577,0.0606027,0.05223540291388667,MSTL
303_CPU,3.8645563,8.658829,7.467512,5.716352,5.2539306,1.4543831,181.78412,1.4543831,198.55652,90.11630884066673,SeasonalNaive
304_CPU,24.66548,1.278696,1.894576,6.439475,1.513648,24.664406,55.55102,24.664406,59.30373,32.679745791376384,AutoTheta
305_CPU,0.031713434,0.029569559,0.035491608,0.029664887,0.035872508,0.045949724,0.03213965,0.045949724,0.03213499,0.039141156481483134,AutoTheta
306_CPU,0.023257919,0.022727584,0.023332171,0.027169101,0.022154875,0.019552149,0.022743862,0.019552149,0.027568158,0.022745359327232855,SeasonalNaive
307_CPU,0.002400549,0.006355524,0.034002557,1.4319237,0.77490324,0.0028069273,0.0017151778,0.0028069273,0.0019410151,0.4365833101100955,WindowAverage
308_CPU,0.050493725,0.05982705,0.0467789,0.072547644,0.052447304,0.022737483,0.09781017,0.022737483,0.16720593,0.041093280885436276,SeasonalNaive
309_CPU,0.0010596707,0.0011112005,0.0015658898,0.010303266,0.011243627,0.002065329,0.0010052833,0.002065329,0.0010596707,0.003967364526023141,WindowAverage
30_CPU,0.85139275,0.29859033,0.3497461,0.37944463,0.27131507,0.77745485,0.78914845,0.77745485,0.79366046,0.5611674785945402,MSTL
310_CPU,7.5899734,8.508623,8.816575,9.179712,8.644131,7.497127,16.14337,7.497127,21.019157,9.710841458127467,SeasonalNaive
311_CPU,0.7102299,0.51964515,0.68343395,0.67890567,0.61270946,0.38857642,0.53217745,0.38857642,0.7266084,0.7538299967338649,SeasonalNaive
312_CPU,0.076090276,0.06573202,1.3139119,0.18636943,0.06681723,0.034834545,0.066755824,0.034834545,0.07635803,0.15206695324669614,SeasonalNaive
313_CPU,1.1784604,1.146247,1.1784604,1.5862617,1.6385769,2.1300113,1.0074576,2.1300113,1.1784604,1.5963226950133422,WindowAverage
314_CPU,0.015034985,0.00222202,0.16401884,0.61761606,0.9396568,0.003967764,0.002402103,0.003967764,0.002157922,0.21837176943114342,Naive
315_CPU,0.009088026,0.0093828915,0.009649289,0.009303516,0.009372252,0.009245519,0.023343954,0.009245519,0.41915584,0.024594794758797122,AutoARIMA
316_CPU,7.133566,7.645012,7.651035,7.316952,7.2103095,6.56011,7.4863434,6.56011,7.7305584,6.9697438122812665,SeasonalNaive
317_CPU,71.3694,68.67677,60.560432,67.22079,62.975273,82.158356,56.368465,82.158356,68.70859,53.32842517557073,prophet
318_CPU,0.054292474,0.07754446,0.05758042,0.059024267,0.05891649,0.04091736,1.2885187,0.04091736,1.5240037,0.9020085289771347,SeasonalNaive
319_CPU,0.014182251,0.015256567,0.010699846,0.009383178,0.0064687203,0.0011562484,0.01087426,0.0011562484,0.01379141,0.005830180823632538,SeasonalNaive
31_CPU,0.081784196,0.005909754,0.005908988,0.018616721,0.01276905,0.0056422693,0.007967208,0.0056422693,0.0059089814,0.0828452670216233,SeasonalNaive
320_CPU,1.1273711,0.48148474,1.2325387,1.2425215,1.9689397,24.976309,18.382563,24.976309,0.49487978,19.77359454587402,AutoTheta
321_CPU,0.046226077,0.047947045,0.046670128,0.047454137,0.04714364,0.044133916,0.058520064,0.044133916,0.061788958,0.055252132112129856,SeasonalNaive
322_CPU,0.074766845,0.072833434,0.06429381,1.4353335,0.14952193,0.055300917,0.06855084,0.055300917,0.071610086,0.44145256733977933,SeasonalNaive
323_CPU,736.1563,304.87585,134.55273,324.92838,219.6883,54.879032,112.71246,54.879032,395.6412,149.21436742052086,SeasonalNaive
324_CPU,0.01886841,3.2126987,4.0964346,3.4144845,3.1544437,0.01886841,5.3322124,0.01886841,5.5778236,4.300529206264772,AutoARIMA
325_CPU,3.6609492,10.545323,10.210185,9.114945,9.880581,10.0739155,12.111762,10.0739155,8.517676,11.27384678388456,AutoARIMA
326_CPU,0.07428717,0.072163194,0.07255239,0.070419684,0.07370787,0.11167191,0.27782953,0.11167191,0.3980476,0.17342129052433564,CES
327_CPU,0.06768765,0.044886243,0.27507517,0.07930222,0.048495423,0.004309997,0.15300596,0.004309997,0.16799384,0.1267098905988654,SeasonalNaive
328_CPU,0.011857972,0.14059716,0.16144867,0.13717552,0.08143304,0.08029836,0.06588625,0.08029836,0.027402472,0.13332154038593044,AutoARIMA
329_CPU,0.73959124,0.14691159,7.31563,3.9755237,3.047186,0.006619713,0.13367061,0.006619713,0.17499915,2.2875036619558804,SeasonalNaive
32_CPU,0.0009603567,0.0036965322,0.00096050743,0.0038426018,0.00413761,0.0019537846,0.00092377764,0.0019537846,0.00092699775,0.15394820872153922,WindowAverage
330_CPU,0.0073154736,0.013134208,6.2058887,1.7508484,0.9695371,0.00629036,0.0054517565,0.00629036,0.007208555,0.740365608537156,WindowAverage
331_CPU,0.0076513896,0.0379334,0.0337151,2.9660997,1.8980603,0.008782579,0.0026923297,0.008782579,0.003675412,1.2896382528946133,WindowAverage
332_CPU,351.97443,353.51733,351.76093,345.86877,351.77386,354.65314,296.16553,354.65314,132.8791,351.57749519280765,Naive
333_CPU,5.1824126,4.2908363,4.8907566,4.1390567,4.8187256,5.821833,2.169034,5.821833,372.12283,3.164106930932883,WindowAverage
334_CPU,0.013203602,0.013108129,0.013066276,0.011521962,0.0114455735,0.019573906,0.012815196,0.019573906,0.013515093,0.010943587095946694,prophet
335_CPU,0.024292538,0.023399496,0.042513415,0.030426286,0.027447738,0.020850578,0.021797298,0.020850578,0.020949638,0.02858723830186983,SeasonalNaive
336_CPU,0.92061687,0.008614006,0.00374473,1.0199537,1.1370187,0.0068732854,0.0047997944,0.0068732854,0.0037885804,0.34195327227988453,AutoETS
337_CPU,0.0016133632,0.0021414,0.0016263726,0.033786304,0.039435387,0.0010330942,0.0012731482,0.0010330942,0.0016263726,0.01685999449494083,SeasonalNaive
338_CPU,0.027193038,0.26390767,0.038822785,0.030107545,0.028182225,0.028737022,117.606186,0.028737022,152.06133,4.541205646106899,AutoARIMA
339_CPU,0.058875423,0.04733662,0.04851993,0.047341306,0.04698364,0.048134428,0.06736038,0.048134428,0.06894975,0.060181082611194134,MSTL
33_CPU,0.0020417892,0.0014270821,0.0014079676,0.0044900523,0.0042934185,0.0016493237,0.0013929287,0.0016493237,0.0015918663,0.00995013066752385,WindowAverage
340_CPU,0.0957419,0.09626532,0.088576585,0.0693818,0.06594083,0.038635924,0.09250728,0.038635924,0.09942217,0.07556205821712882,SeasonalNaive
341_CPU,0.066173814,0.080743045,0.12432049,0.089462295,0.08474647,0.08943844,0.09612659,0.08943844,0.11733369,0.10297647316787242,AutoARIMA
342_CPU,0.10575492,0.0959914,0.09582946,0.10979022,0.106121756,0.06281957,0.047261443,0.06281957,0.11040338,0.05553333299861223,WindowAverage
343_CPU,0.00038210637,0.00037615784,0.00037611055,0.0005889963,0.0010680559,0.00078096206,0.0003387638,0.00078096206,0.00038106705,0.0040071836931223175,WindowAverage
344_CPU,0.0,0.0,0.0,0.0,0.0,0.0,0.0,0.0,0.0,0.0,AutoARIMA
345_CPU,0.0,4.144988e-09,2.0687349e-08,4.7023286e-06,5.774761e-07,0.0,0.0,0.0,0.0,2.890227421160371e-07,AutoARIMA
346_CPU,12.142421,19.901817,14.561992,14.302268,17.012814,12.110414,1.6321245,12.110414,0.0,10.022337331153844,Naive
347_CPU,1.7574265,4.744116,6.1924686,0.7841141,1.4881581,5.4715414,2.155659,5.4715414,1.2897304,1.3799929374094044,CES
348_CPU,0.6539321,0.0013556554,6.475046,0.67546433,1.0639317,0.001147561,0.0013304598,0.001147561,0.0012534292,0.26947985791815254,SeasonalNaive
349_CPU,0.061773352,0.012604999,0.09151247,0.7052622,0.97513264,0.0036534949,0.0048304745,0.0036534949,0.0038466388,0.31928217012779814,SeasonalNaive
34_CPU,4.419998,20.993046,21.548317,6.070796,13.321076,0.01129264,0.010425544,0.01129264,0.003804789,11.3306904972617,Naive
350_CPU,2.0985105,2.491847,1.7834241,1.5495834,1.7943306,0.0009319265,2.9023035,0.0009319265,2.970151,3.3581987533067457,SeasonalNaive
351_CPU,0.0013722761,0.005359265,0.0038301903,0.0044149384,0.002916522,0.0013863171,0.012974679,0.0013863171,0.01423268,0.011817127162783912,AutoARIMA
352_CPU,0.0,1.9496868e-08,1.2675026e-06,0.000984838,1.8484137e-05,0.0,0.0,0.0,0.0,6.385036143465532e-06,AutoARIMA
353_CPU,0.0,3.6341357e-09,9.745102e-07,1.057929e-05,1.1953208e-05,0.0,0.0,0.0,0.0,3.0281005904082657e-06,AutoARIMA
354_CPU,0.00048908003,0.0036206064,0.0028873095,0.0057241824,0.002963058,0.0004955413,0.1285271,0.0004955413,0.13539265,0.07860412336486303,AutoARIMA
355_CPU,0.5141068,0.5414586,0.43396375,0.5637059,0.5391089,0.86305577,1.1837493,0.86305577,1.835883,0.8443142117978426,AutoETS
356_CPU,0.62161356,0.63703513,0.6270138,0.6765927,0.65599465,0.6214078,0.6205702,0.6214078,0.62161356,0.5806167698700744,prophet
357_CPU,0.0,0.0,0.0,0.0,0.0,0.0,0.0,0.0,0.0,0.0,AutoARIMA
358_CPU,0.0,6.3415625e-15,1.4979907e-09,3.405692e-08,5.14871e-08,0.0,0.0,0.0,0.0,1.403184334456713e-08,AutoARIMA
359_CPU,1.3734998,1.3738416,1.3570153,1.3883432,1.3780968,1.3734998,1.3734998,1.3734998,1.3734998,1.4107869978891143,AutoETS
35_CPU,0.117403954,0.8058298,0.023512239,0.46709988,0.69785446,0.006102373,0.023656577,0.006102373,0.023397524,0.7338562142805244,SeasonalNaive
360_CPU,0.25866997,0.32144505,0.63764995,0.64851,0.42682993,0.5047547,0.31877565,0.5047547,1.2594502,0.431125413014046,AutoARIMA
361_CPU,0.0,0.0,0.0,0.0,0.0,0.0,0.0,0.0,0.0,0.0,AutoARIMA
362_CPU,1.54321e-05,1.52092625e-05,2.084433e-05,0.005908695,0.00017762436,1.54321e-05,1.54321e-05,1.54321e-05,1.54321e-05,6.430627009702214e-05,AutoTheta
363_CPU,6.8587105e-06,6.802055e-06,8.1172075e-06,2.6281052e-05,3.9407856e-05,6.8587105e-06,6.8587105e-06,6.8587105e-06,6.8587105e-06,1.6632892709480688e-05,AutoTheta
364_CPU,0.0,2.734999e-08,9.975447e-06,0.002028723,8.761106e-05,0.0,0.0,0.0,0.0,4.050805881109783e-05,AutoARIMA
365_CPU,0.0,1.485376e-09,2.1585333e-06,0.00023876363,1.7299815e-05,0.0,0.0,0.0,0.0,1.0501507867653077e-05,AutoARIMA
366_CPU,0.0002486283,0.00029229384,0.000248596,0.0051826965,0.0047893627,8.5733904e-05,0.00024068003,8.5733904e-05,0.0002486283,0.004337157466630181,SeasonalNaive
367_CPU,0.023081161,0.42306712,0.60022795,0.07865266,0.029645827,0.0077914945,1.3248161,0.0077914945,1.4658394,0.8920879282188281,SeasonalNaive
368_CPU,9.6899555e-09,9.858649e-08,2.5416899e-08,0.00033320967,0.00032065465,0.0,0.0,0.0,0.0,0.00012448775390087397,SeasonalNaive
369_CPU,0.005914217,0.0056890845,0.005688291,0.024616893,0.05902718,0.0013151579,0.004797954,0.0013151579,0.0057013035,0.12632195354217396,SeasonalNaive
36_CPU,0.014382045,0.0012936054,0.54413825,0.14535786,0.77851725,0.23404545,0.061122555,0.23404545,0.0015080611,0.2435179586478993,AutoTheta
370_CPU,8.019571e-06,4.0658406e-06,7.562435e-06,0.00013993822,0.00010463123,0.0,0.0,0.0,0.0,9.145525024293922e-05,SeasonalNaive
371_CPU,0.0,6.455495e-09,7.9123214e-07,6.0941848e-06,6.290719e-06,0.0,0.0,0.0,0.0,2.671509886665075e-06,AutoARIMA
372_CPU,0.07666477,0.07688084,0.07694133,0.076560825,0.07639831,0.07564472,0.07931674,0.07564472,0.08118827,0.07280103292273515,prophet
373_CPU,0.76311415,0.05154051,0.26167795,0.06259724,0.067654,0.021520771,0.05254545,0.021520771,0.070979476,0.057332474783664385,SeasonalNaive
374_CPU,0.10878977,0.1284662,0.2023765,0.12823369,0.111530885,0.08512751,0.38376814,0.08512751,0.4126452,0.3207234062822394,SeasonalNaive
375_CPU,0.004233259,0.0038585386,0.0052261194,0.0033959525,0.0037900805,0.01785932,0.26508856,0.01785932,0.28488144,0.17805617571769114,CES
376_CPU,0.7157139,0.63169366,0.77606195,0.71011,0.71294683,0.71854657,1.7092736,0.71854657,1.6729312,1.4044564799002217,AutoTheta
377_CPU,0.00036293053,0.00036965456,0.00036317695,0.00036496407,0.0003594767,0.00053905183,0.00036243998,0.00053905183,0.00036179702,0.00036761046481560537,MSTL
378_CPU,0.04109555,0.03562698,0.033609033,0.03794339,0.023795642,0.047764916,0.29751343,0.047764916,0.3184868,0.2079738198722158,MSTL
379_CPU,2.1815326,0.15896656,3.0164747,0.80576044,0.29408383,1.0958368,1.205668,1.0958368,3.0214806,3.750984659843608,AutoTheta
37_CPU,0.0,3.5527137e-15,0.0,0.0,0.0,0.0,0.0,0.0,0.0,7.73702090461639e-16,AutoARIMA
380_CPU,0.6500502,3.840932,1.2172469,8.782851,5.765327,0.68320584,0.82330644,0.68320584,1.4606032,5.073093095061625,AutoARIMA
381_CPU,0.7625469,0.02451466,8.419804,14.456275,20.008863,0.014194812,0.020040462,0.014194812,0.023281464,14.59400232374955,SeasonalNaive
382_CPU,0.03509038,0.03509263,0.035409853,0.035847273,0.035367712,0.032760635,0.058031753,0.032760635,0.06007374,0.05042732133258718,SeasonalNaive
383_CPU,52.17949,118.832794,191.34479,149.09276,121.97244,193.57721,46.289482,193.57721,33.222103,181.88849069436696,Naive
384_CPU,20.31579,13.4220705,11.382117,13.250166,14.783398,57.08448,69.251976,57.08448,224.34508,38.60185696057432,AutoETS
385_CPU,79.027885,30.270363,260.21155,75.110664,23.380375,55.49971,33.72056,55.49971,52.789738,31.06065559152421,MSTL
386_CPU,13.034232,13.1896715,13.063709,15.028091,18.064568,32.754417,26.27519,32.754417,12.892185,24.10391735095527,Naive
387_CPU,0.35549673,0.2880112,4.787007,0.8797702,0.8296531,0.06585131,0.26817593,0.06585131,0.28243867,0.4893618717208419,SeasonalNaive
388_CPU,0.2452864,0.01113612,0.0070907753,0.0075681326,0.012632165,0.008779151,0.06004806,0.008779151,0.062040456,0.04498586037083692,AutoETS
389_CPU,0.00060910004,0.00055694696,0.0005567,0.000980576,0.0009855437,0.007132228,0.00077232026,0.007132228,0.000620499,0.0011935939390915354,AutoETS
38_CPU,5.1595904e-05,0.00012777334,4.8838505e-05,4.8575585e-05,5.328964e-05,0.00029556756,6.553284e-05,0.00029556756,4.8653987e-05,4.632210919290311e-05,prophet
390_CPU,0.020056607,0.010921463,0.035257768,0.021189176,0.0091572795,0.021206703,0.032742854,0.021206703,0.023452932,0.0857396789997598,MSTL
391_CPU,6.269627e-05,4.6651967e-05,4.453155e-05,8.8226494e-05,5.5231063e-05,1.54321e-05,4.484954e-05,1.54321e-05,5.4012355e-05,5.321415087349537e-05,SeasonalNaive
392_CPU,7.1722574,4.9756145,7.670552,7.9104214,7.6739545,11.849163,8.447328,11.849163,7.988194,7.169028923562594,AutoTheta
393_CPU,0.014252234,0.0198267,0.18884183,0.02149699,0.021721669,0.014252234,0.49579728,0.014252234,0.47526312,0.35655473265707377,AutoARIMA
394_CPU,14.716917,8.601902,13.848112,6.476764,7.104969,25.412422,44.624603,25.412422,47.60162,18.872720483116087,CES
395_CPU,0.0017460978,0.0001651766,0.000320649,0.0002452609,7.656854e-05,3.257887e-05,0.0005424811,3.257887e-05,0.0005358367,0.00036781253175568866,SeasonalNaive
396_CPU,0.0026803217,0.0005850111,0.007022066,0.000787873,0.0009477631,4.5438952e-05,0.00057706056,4.5438952e-05,0.000609568,0.0008446871180532775,SeasonalNaive
397_CPU,0.00045325115,0.00032745776,0.00045836426,0.00031661056,0.00035561944,0.0022016466,0.0009865114,0.0022016466,0.0027229078,0.0009522160736879543,CES
398_CPU,0.0029270148,0.0006656419,0.0007863257,0.00043839967,0.00032155574,0.00030692737,0.0006592935,0.00030692737,0.0005272634,0.0005240038448762333,SeasonalNaive
399_CPU,0.99385506,1.7314746,6.1352243,2.88348,0.99286526,0.03177492,1.5815891,0.03177492,1.7273488,2.311669870526849,SeasonalNaive
39_CPU,0.0,0.0,0.0,0.0,0.0,0.0,0.0,0.0,0.0,0.0,AutoARIMA
3_CPU,0.26951823,2.2798227e-05,2.3510125e-05,5.5151693e-05,2.7718643e-05,3.4293662e-05,2.4577088e-05,3.4293662e-05,4.9725804e-05,5.029514917680095e-05,AutoTheta
400_CPU,8.665749,16.354704,24.649101,13.74397,12.978685,10.799671,70.98178,10.799671,75.44255,29.886312675531478,AutoARIMA
401_CPU,0.0026163638,0.0035049778,0.003495284,0.006695927,0.004901223,0.0043217875,0.0027615144,0.0043217875,0.0025131032,0.0027304697118284023,Naive
402_CPU,0.41022217,0.01182229,3.530431,0.7826197,0.6681254,0.005173296,0.008122844,0.005173296,0.012350183,0.34291439657360717,SeasonalNaive
403_CPU,0.016376538,0.017676925,0.05664809,0.019063843,0.017536132,0.0075325784,0.007191513,0.0075325784,0.009846536,0.008032800897703642,WindowAverage
404_CPU,0.0013629686,0.00016316387,0.00017617014,0.0013396067,0.00080623763,0.0077539864,0.0026904813,0.0077539864,0.00017618304,0.006711432510174742,AutoTheta
405_CPU,0.2683462,0.26385093,0.27112612,0.26752082,0.2682479,0.2701243,0.26766124,0.2701243,0.23226121,0.26218991674683606,Naive
406_CPU,0.34771404,0.877479,0.83691895,1.5133908,1.0058128,0.27892408,0.83430564,0.27892408,0.8369162,1.2965732571214241,SeasonalNaive
407_CPU,27.11529,55.684708,26.779623,180.87602,65.731445,9.621293,26.992167,9.621293,26.779593,264.6037168511585,SeasonalNaive
408_CPU,0.4994555,4.0707583,31.218758,6.222101,0.92301095,0.65327346,14.711964,0.65327346,22.985111,2.094562667376134,AutoARIMA
409_CPU,0.03576367,0.08452648,0.13075057,0.07437009,0.05929397,0.03500943,0.5190857,0.03500943,0.5478599,0.41584119983287215,SeasonalNaive
40_CPU,0.0033823387,0.002261303,0.002137147,0.0022528756,0.0022719328,0.0028153677,0.0025834397,0.0028153677,0.0034156993,0.002598491684730108,AutoETS
410_CPU,8.8636675,1.9838115,8.438178,2.2785387,1.3722533,15.101397,49.74668,15.101397,51.76454,37.45141559822519,MSTL
411_CPU,112.87517,73.36311,95.614395,89.36684,66.51842,126.605675,246.56898,126.605675,301.48843,109.31993858938552,MSTL
412_CPU,98.07897,76.58664,78.73453,95.17014,105.85983,46.36798,40.324966,46.36798,79.120735,72.83200543657517,WindowAverage
413_CPU,31.97013,181.59259,521.43866,68.07932,183.87427,94.28045,40.85447,94.28045,181.08972,125.08021235219692,AutoARIMA
414_CPU,0.8861224,0.17188297,0.13737682,0.30274728,0.21320713,1.2196963,1.3937681,1.2196963,1.4309891,1.023654618161887,AutoETS
415_CPU,4.423423,5.268554,1.9027685,2.1040137,2.5956683,6.1420145,9.875369,6.1420145,10.377394,6.733589630991563,AutoETS
416_CPU,0.49572462,0.67498815,0.6476737,1.198399,1.1621087,0.6685371,0.49718583,0.6685371,0.53412735,0.7318014679137885,AutoARIMA
417_CPU,5.3856335,5.516351,5.803368,5.971445,6.049969,3.970284,4.264393,3.970284,6.1617284,4.769624080859767,SeasonalNaive
418_CPU,0.015253401,0.006520003,0.05583494,0.012622002,0.015084578,0.0009807957,0.0030155284,0.0009807957,0.07321415,0.030814624114793982,SeasonalNaive
419_CPU,0.0030500607,0.049524743,0.5850117,0.7099094,1.543561,0.44836718,0.015494615,0.44836718,0.0021744254,1.2105087176788534,Naive
41_CPU,46.507454,0.2880727,5.2556256e-16,1.789145,2.1190624,0.0,0.0,0.0,0.0,22.608589014323467,SeasonalNaive
420_CPU,15.191725,42.607697,45.39178,36.315796,19.84736,3.8282874,47.373127,3.8282874,44.984047,38.05612140212917,SeasonalNaive
421_CPU,0.007823496,1.3164355,0.0068377666,2.3531559,6.0709805,0.006605092,0.008015834,0.006605092,0.0068379613,34.263038498608026,SeasonalNaive
422_CPU,0.025451897,0.0029193924,12.087963,8.735897,4.7140436,0.0018964338,0.0026395854,0.0018964338,0.0029175242,7.903377156263212,SeasonalNaive
423_CPU,0.00030423075,0.00031402658,0.00032132352,0.00039127187,0.00037142026,0.0006655479,0.00031039718,0.0006655479,0.00039523357,0.0002971114001572371,prophet
424_CPU,0.00026814343,0.0002842404,0.0003230502,0.00030031393,0.00025947555,0.00038923236,0.00025348697,0.00038923236,0.00052554987,0.0004104402840336198,WindowAverage
425_CPU,0.0,0.0,0.0,0.0,0.0,0.0,0.0,0.0,0.0,0.0,AutoARIMA
426_CPU,0.0054630954,0.012031541,0.012263156,0.011409919,0.009859468,0.0008377644,0.19004467,0.0008377644,0.1937637,0.1302889238159946,SeasonalNaive
427_CPU,0.0,0.0,0.0,0.0,0.0,0.0,0.0,0.0,0.0,0.0,AutoARIMA
428_CPU,0.00029655328,0.00082599605,0.0008408509,0.00077416253,0.0008606744,0.00055775215,0.000273035,0.00055775215,0.0005298366,0.0008754588219061491,WindowAverage
429_CPU,0.0015792423,0.0014769637,0.0014758903,0.0015974481,0.0016324223,0.0031474414,0.0015636063,0.0031474414,0.0025875382,0.0015079792197585185,AutoETS
42_CPU,0.0,8.8738983e-07,2.593417e-39,0.05332842,0.029212989,0.0,0.0,0.0,0.0,0.09970884620065336,AutoARIMA
430_CPU,0.062164266,0.044570874,0.04506288,0.046437863,0.046554644,0.045454297,0.044555772,0.045454297,0.041922573,0.04579493670068477,Naive
431_CPU,0.00039203587,0.00030540166,0.0003817677,0.00041256228,0.00038592206,0.00066615274,0.00027411652,0.00066615274,0.00038408826,0.0004336999934561335,WindowAverage
432_CPU,0.027997741,0.027782295,0.028872997,0.02771159,0.027551724,0.025667867,0.04751334,0.025667867,0.05227023,0.03822928870787052,SeasonalNaive
433_CPU,0.0027676772,0.0029753784,0.002812876,0.0030076448,0.0028749774,0.0032684724,0.009274852,0.0032684724,0.0110691,0.006587565980881375,AutoARIMA
434_CPU,0.03482108,0.034876026,0.034665316,0.034742765,0.034379557,0.03703618,0.05250041,0.03703618,0.057373974,0.033449667254099334,prophet
435_CPU,0.011682664,0.008037254,0.0005897716,0.008391259,0.01034574,0.0066769556,0.0039226618,0.0066769556,0.0005898499,0.010771560006840479,AutoETS
436_CPU,0.224361,0.00024087241,0.00027473088,0.0002499361,0.0002989946,0.00037380026,0.0002476102,0.00037380026,0.000498114,0.0002216180993236686,prophet
437_CPU,0.22989477,0.00027235638,0.00030277425,0.00032555376,0.00034773853,0.00041066523,0.00027499135,0.00041066523,0.0006318594,0.0002528805469533633,prophet
438_CPU,0.00041260768,0.00037071423,0.00037617126,0.00040372997,0.0016385573,0.0005563611,0.00035761244,0.0005563611,0.0006198572,0.00037540642342417875,WindowAverage
439_CPU,0.23640503,0.0002877456,0.00030112133,0.00030955716,0.00036135825,0.00057677884,0.00029105032,0.00057677884,0.0010699579,0.0002645733076812575,prophet
43_CPU,0.0,0.1007843,1.461633e-24,1.9299741,1.1007571,0.0,0.0,0.0,0.0,9.01030188704862,AutoARIMA
440_CPU,0.013466977,0.00064719445,0.0005605903,0.014539573,0.021965435,0.023167867,0.00095743337,0.023167867,0.0019315833,0.007914693338403467,AutoETS
441_CPU,0.18476751,0.014757552,0.039971992,0.013137279,0.021613536,0.00028549402,0.00021796068,0.00028549402,0.00028806573,0.015703958510243567,WindowAverage
442_CPU,0.22858769,0.0001964264,0.00022723842,0.00024369043,0.00024986378,0.00041323723,0.00021240552,0.00041323723,0.0002786348,0.00020758946366980946,AutoTheta
443_CPU,0.0002361094,0.0002864701,0.00037769222,0.00031996574,0.0003459319,0.00048696916,0.00021803229,0.00048696916,0.00034550804,0.00040303525063424724,WindowAverage
444_CPU,0.21894974,0.00014551313,0.0001640182,0.00018712542,0.00020284059,0.00037294236,0.00014403294,0.00037294236,0.000185185,0.00014996001378572496,WindowAverage
445_CPU,0.22269098,0.00013280354,0.00015605005,0.00014425145,0.00016938437,0.00030092595,0.00014001396,0.00030092595,0.00031121392,0.00011626389804228558,prophet
446_CPU,0.23108381,0.00025693706,0.000254252,0.00034938485,0.00047145705,0.00044410105,0.00026091645,0.00044410105,0.0007827491,0.00032075531725615466,AutoETS
447_CPU,0.22234803,0.00016504023,0.00019638987,0.00017118786,0.00019634214,0.00028806587,0.00018123776,0.00028806587,0.00016460904,0.00016289113454391775,prophet
448_CPU,0.00022059603,0.00018520669,0.00016500348,0.0016406974,0.00097316824,0.0002752057,0.00018159501,0.0002752057,0.0001774689,0.0017002595422847043,AutoETS
449_CPU,0.00045104325,0.00044148322,0.061913364,0.019633252,0.0032084475,0.0013203021,0.00036642296,0.0013203021,0.00058470515,0.01729651578345989,WindowAverage
44_CPU,1.0861977e-38,0.20484884,3.5667736e-13,1.9249215,1.0924103,0.0,0.0,0.0,0.0,12.378031819425466,SeasonalNaive
450_CPU,0.00036642014,0.00037135414,0.0003963413,0.00042851226,0.00044290733,0.00053669495,0.0003572964,0.00053669495,0.0004518181,0.0003795000016068086,WindowAverage
451_CPU,0.00040230862,0.0002683144,0.00029614638,0.00072300655,0.0009906592,0.00035236584,0.00022167542,0.00035236584,0.0004989716,0.0005559312031541615,WindowAverage
452_CPU,0.00029661538,0.0014021508,0.00035890806,0.0015520743,0.0011219463,0.0005014558,0.00021669683,0.0005014558,0.00032876333,0.0031224697064389426,WindowAverage
453_CPU,0.012480761,0.005612522,0.0057682935,0.004161075,0.0048784935,0.0018748506,0.00071886316,0.0018748506,0.0010140645,0.005232012467322195,WindowAverage
454_CPU,0.00021114787,0.00018922027,0.00020124455,0.0001841787,0.00018028844,0.0004106657,0.0001819704,0.0004106657,0.00028806584,0.00020136388164671614,MSTL
455_CPU,0.00028427306,0.00029564567,0.00033062467,0.0002902516,0.0002465021,0.0004123806,0.0002664185,0.0004123806,0.0005186911,0.00036608953143422545,MSTL
456_CPU,0.00047791502,0.0003846815,0.00035794702,0.0005056517,0.00048764894,0.0010731434,0.00035526307,0.0010731434,0.00037362904,0.0004977544560728124,WindowAverage
457_CPU,0.22325468,0.00018643007,0.00021067023,0.00023170577,0.0002510721,0.00040980798,0.00019788474,0.00040980798,0.0002443415,0.00018979642343726376,AutoTheta
458_CPU,0.0015899916,0.0019349619,0.0017917936,0.0020466445,0.0019261792,0.004104155,0.0017416491,0.004104155,0.0051343576,0.0018711974431514433,AutoARIMA
459_CPU,0.00015418438,0.00018145665,0.00030368372,0.00022483025,0.00031441878,0.00024519934,0.00014517605,0.00024519934,0.0002503432,0.00034522398123734097,WindowAverage
45_CPU,5.029155e-10,0.082594015,0.0,1.821228,1.4482789,0.0,0.0,0.0,0.0,11.30581642647703,AutoETS
460_CPU,0.055754397,0.010999764,0.00039266178,0.022661207,0.012690822,0.0003435658,0.00020227983,0.0003435658,0.00039266178,0.010212616563457032,WindowAverage
461_CPU,0.00039479716,0.00042476924,0.00037896045,0.00085998815,0.0006762862,0.0006048091,0.00038464612,0.0006048091,0.0007801793,0.0006339305076656547,AutoETS
462_CPU,0.2133898,0.00025394707,0.00026328987,0.00069576135,0.0005850229,0.0003189302,0.00023132084,0.0003189302,0.0002803499,0.00036039984891142083,WindowAverage
463_CPU,0.0004911036,0.00045301658,0.00046060234,0.00051065895,0.00055614347,0.0011856998,0.00045760453,0.0011856998,0.0015989381,0.0007170297806493448,AutoTheta
464_CPU,0.0017049474,0.0017424598,0.0017306305,0.0019186959,0.0019607567,0.004258418,0.0017396933,0.004258418,0.0030648368,0.0019249784220514575,AutoARIMA
465_CPU,0.00038530302,0.00032925498,0.00034449412,0.00040431126,0.0004089044,0.00052301236,0.00031634665,0.00052301236,0.00043638598,0.0003540732374791756,WindowAverage
466_CPU,0.0017205657,0.0015705748,0.0016047648,0.00197442,0.0021033408,0.0042858366,0.0015887737,0.0042858366,0.0027049026,0.002904487779197847,AutoTheta
467_CPU,0.0011409826,0.0011273584,0.0011479544,0.0011417461,0.0010162363,0.0015835046,0.0010798714,0.0015835046,0.0011419752,0.0011356162012427827,MSTL
468_CPU,0.21717767,0.00027715083,0.0002453096,0.00024159865,0.0002588523,0.00042845955,0.00023224803,0.00042845955,0.0036874148,0.0002480721571027851,WindowAverage
469_CPU,0.00031311868,0.0003221121,0.0003044081,0.00034004156,0.00029990103,0.00054698274,0.00029442477,0.00054698274,0.00039351883,0.00044122445041033586,WindowAverage
46_CPU,8.795417e-39,0.04125072,1.5321544e-18,3.70004,2.2594633,0.0,0.0,0.0,0.0,22.274855726746505,SeasonalNaive
470_CPU,0.00012894081,0.0001223051,0.00015252698,0.00014700629,0.00020175733,0.00027263374,0.00013231607,0.00027263374,0.0006155701,0.0001526003448100721,AutoTheta
471_CPU,0.22663954,0.00028737457,0.00030006177,0.00033694707,0.00034919273,0.00043552803,0.0002912808,0.00043552803,0.000516976,0.0002864146347126666,prophet
472_CPU,0.00040704006,0.00033541824,0.00036518375,0.0003583334,0.0003369245,0.0005040985,0.00033101157,0.0005040985,0.00033182555,0.0003409189176026402,WindowAverage
473_CPU,0.00038335336,0.0003954335,0.00040589235,0.00039521995,0.00038721587,0.0007005166,0.00038477042,0.0007005166,0.000512759,0.00036069241342167197,prophet
474_CPU,0.00027206034,0.00025245745,0.00028112522,0.00028602662,0.00030863166,0.00040895038,0.00025462953,0.00040895038,0.00051526126,0.00025064116422982203,prophet
475_CPU,0.00037014723,0.00036156562,0.0003428312,0.00034782398,0.00031760463,0.00057784707,0.00033471972,0.00057784707,0.0004415301,0.00032194907213005494,MSTL
476_CPU,0.00013506369,0.0001292785,0.00016442324,0.00013616122,0.00015570915,0.00025720184,0.0001094536,0.00025720184,0.00019804537,0.0001917436114506941,WindowAverage
477_CPU,0.00067739974,0.00055772974,0.0005548501,0.0005606327,0.0005903535,0.0017104968,0.00057482667,0.0017104968,0.00070035894,0.0005960142657910236,AutoETS
478_CPU,0.00025031393,0.00023265279,0.00026446106,0.00022809427,0.00019352889,0.00032053996,0.00021348445,0.00032053996,0.00033124821,0.00029150847954921696,MSTL
479_CPU,0.00032092733,0.0003158424,0.00032950856,0.00036203756,0.002926866,0.00055812835,0.0002794927,0.00055812835,0.000433814,0.00042805785550435103,WindowAverage
47_CPU,0.0,0.0,0.0,0.0,0.0,0.0,0.0,0.0,0.0,0.0,AutoARIMA
480_CPU,0.00021586439,0.00021471959,0.00022790226,0.0002809331,0.00029866045,0.00049355184,0.00021852959,0.00049355184,0.00025178198,0.00022717661131086526,AutoTheta
481_CPU,0.0,0.0,0.0,0.0,0.0,0.0,0.0,0.0,0.0,0.0,AutoARIMA
482_CPU,0.22472866,0.00032981802,0.0003341016,0.0003626099,0.00039306207,0.0004166666,0.00032493137,0.0004166666,0.00052212004,0.0003202860808662813,prophet
483_CPU,0.023673596,0.02081601,0.0208307,0.02165265,0.021659005,0.020901134,0.020801585,0.020901134,0.021015482,0.021094803519763814,WindowAverage
484_CPU,0.00024433495,0.0002445744,0.0002526386,0.00023492562,0.00020150947,0.00044842396,0.00022872312,0.00044842396,0.00036951358,0.00030707113027352045,MSTL
485_CPU,5.0472026e-06,1.0443392e-05,1.0212312e-05,8.997629e-06,8.101697e-06,3.4293553e-06,0.0002752058,3.4293553e-06,0.00029149523,0.00021778137266717068,SeasonalNaive
486_CPU,0.07331016,0.061429076,6.1323757,2.9087117,4.9753227,2.63321,0.26693535,2.63321,0.062369473,5.377947163201393,AutoTheta
487_CPU,0.0012485199,0.0012154101,0.0012165696,0.008979755,0.0067732316,0.00015323624,0.0011149381,0.00015323624,0.0012165811,0.09518931582947074,SeasonalNaive
488_CPU,2.8998983,3.652894,2.9338605,4.864249,3.0664856,9.285614,2.6921237,9.285614,3.118039,8.099108426411503,WindowAverage
489_CPU,0.123382345,0.034953758,0.05524759,0.090301104,0.05650837,0.0008301182,0.0003949016,0.0008301182,0.000474805,0.045878092933021246,WindowAverage
48_CPU,0.0,0.0,0.0,0.0,0.0,0.0,0.0,0.0,0.0,0.0,AutoARIMA
490_CPU,0.0006277308,0.0010307918,0.00061497535,0.000571294,0.00060883706,0.0007401328,0.0010066223,0.0007401328,0.0020680283,0.001154544886213717,CES
491_CPU,0.012553092,0.012455929,0.01073558,0.009515,0.009004051,0.012089105,0.012435168,0.012089105,0.012837499,0.00962735648409018,MSTL
492_CPU,0.0021669671,0.0022252921,0.0021718726,0.002868862,0.0027619053,0.006508351,0.0022173952,0.006508351,0.0023722225,0.00222358808692272,AutoARIMA
493_CPU,0.00017659445,0.0001523777,0.00015277379,0.00023796482,0.00023129872,0.00051600917,0.00034387206,0.00051600917,0.00015157495,0.0030287211924581846,Naive
494_CPU,0.39650404,0.054679323,0.05719246,0.4769642,0.5083795,0.1927826,0.05387857,0.1927826,0.05085249,0.9259614402367815,Naive
495_CPU,0.046588678,0.04937316,0.048744187,0.71293116,0.25747818,0.055513363,0.04470329,0.055513363,0.042009633,0.7120114597451087,Naive
496_CPU,0.00038181647,0.00013522533,5.4192664e-05,0.0019443304,0.0023725636,6.132944e-05,5.3522617e-05,6.132944e-05,5.3430784e-05,0.013559344846261133,Naive
497_CPU,0.00018657891,5.242943e-05,4.970456e-05,0.005462404,0.0073670754,0.0001770407,9.580701e-05,0.0001770407,5.6584555e-05,0.014746307778861455,AutoETS
498_CPU,5.2972817,5.3140836,5.313908,5.3074794,5.257963,4.9588346,5.301924,4.9588346,5.298337,5.33833771200629,SeasonalNaive
499_CPU,0.0006622977,0.0014917771,0.0013523636,0.0014337283,0.0014698743,0.0012018144,0.0020842794,0.0012018144,0.0016400893,0.001503878715183012,AutoARIMA
49_CPU,0.0,0.0,0.0,0.0,0.0,0.0,0.0,0.0,0.0,0.0,AutoARIMA
4_CPU,0.0069204387,0.20645033,17.741684,33.03345,109.55826,0.0069204387,0.0049745473,0.0069204387,0.005511831,75.32277716918719,WindowAverage
500_CPU,27.944464,7.5636926,10.536119,10.608629,10.751802,7.318683,16.445763,7.318683,10.53556,16.563723053602537,SeasonalNaive
50_CPU,0.0,0.0,0.0,0.0,0.0,0.0,0.0,0.0,0.0,0.0,AutoARIMA
51_CPU,3.2440469e-06,0.05276086,0.0,0.9314883,0.69373316,0.0,0.0,0.0,0.0,6.250448492706068,AutoETS
52_CPU,0.0,0.3305344,3.2839495e-11,2.3268023,2.6232252,0.0,0.0,0.0,0.0,32.102316155854155,AutoARIMA
53_CPU,0.0,0.04340356,4.48351e-19,3.35853,2.2120974,0.0,0.0,0.0,0.0,22.287652459047603,AutoARIMA
54_CPU,0.0,0.10820052,7.990116e-25,0.6280322,0.26170412,0.0,0.0,0.0,0.0,2.301039681678089,AutoARIMA
55_CPU,1.385697,7.333118e-05,7.980998e-05,162.02885,80.15534,8536.816,6066.3535,8536.816,7.9812875e-05,7153.745676796263,AutoTheta
56_CPU,0.0,0.0003438326,0.0,0.00017934744,4.939252e-05,0.0,0.0,0.0,0.0,0.0003725029306944917,AutoARIMA
57_CPU,845.22876,0.015519758,0.0154222315,218.0358,86.79272,7875.761,5300.725,7875.761,0.015421126,6106.068341599984,Naive
58_CPU,0.0,0.0003562958,0.0,0.00015490825,3.6739868e-05,0.0,0.0,0.0,0.0,0.0011405304126522447,AutoARIMA
59_CPU,0.0,0.0009303237,0.0,0.00049705553,0.0001660168,0.0,0.0,0.0,0.0,0.0012566457115778217,AutoARIMA
5_CPU,0.013247168,0.011003083,0.026752636,0.0136220995,0.01172051,0.033817723,0.32128116,0.033817723,0.38818252,0.2597898244994388,AutoTheta
60_CPU,0.0,0.0005272946,7.826632e-05,0.00020215,6.14583e-05,0.0,0.0,0.0,0.0,0.0013093480000375322,AutoARIMA
61_CPU,34.59114,0.016672354,0.039541896,131.20078,86.71871,8422.59,6052.618,8422.59,0.039966114,7105.541510617179,AutoTheta
62_CPU,2.2421252e-22,0.0005404034,0.0,0.0006232135,9.3141374e-05,0.0,0.0,0.0,0.0,0.0005651707649858645,AutoETS
63_CPU,0.004063246,0.0040722718,0.004073482,203.45804,62.19905,8240.229,5383.9966,8240.229,0.004073495,6747.640116351146,AutoARIMA
64_CPU,328.21548,65.09636,63.04588,135.82042,229.0739,8594.838,6569.7954,8594.838,63.025417,6768.718186064064,Naive
65_CPU,0.0,0.0012439969,0.0001689673,0.00051014463,0.0001439593,0.0,0.0,0.0,0.0,0.0037918471796219593,AutoARIMA
66_CPU,0.0,0.00040375307,0.0,0.00021179415,6.600468e-05,0.0,0.0,0.0,0.0,0.0005329093440853646,AutoARIMA
67_CPU,3.3504214,0.023488335,0.023106057,134.84465,46.63063,8225.093,5273.43,8225.093,0.023102246,6263.1764109845135,Naive
68_CPU,0.010364358,0.012015914,0.010367938,254.81993,61.700825,8526.56,5921.958,8526.56,0.010364358,7048.185087035202,AutoARIMA
69_CPU,0.21370834,0.121800356,5.415331e-05,765.0442,860.0012,715.82837,209.21434,715.82837,5.4153108e-05,1222.2408944549798,Naive
6_CPU,0.102112226,0.10269704,0.102933995,0.05134441,0.053132206,0.3163312,0.1571019,0.3163312,0.10310872,0.21833634781554057,CES
70_CPU,74.43452,4.655301e-05,4.9790768e-05,650.3843,729.45996,413.10123,153.01276,413.10123,4.9806073e-05,1034.1214069231582,AutoTheta
71_CPU,0.042388447,0.00015129187,0.00013752248,692.8001,750.88,986.8965,320.568,986.8965,0.00013750902,1267.763420983577,Naive
72_CPU,0.31302556,0.0005267968,7.929126e-05,810.7797,903.02026,675.74786,211.04742,675.74786,7.929049e-05,1964.0568159224922,Naive
73_CPU,39.959354,0.14597699,0.10706855,540.2257,596.1685,704.0928,191.77727,704.0928,0.1070636,960.2016986247854,Naive
74_CPU,0.053328767,0.0033730145,0.003148253,862.55304,1008.2917,948.85266,241.2276,948.85266,7.3637464e-05,1301.7070823793565,Naive
75_CPU,16.288837,0.20256609,0.0023706758,687.4887,842.62866,985.06934,224.0725,985.06934,0.002698782,1210.180893964067,AutoETS
76_CPU,3.0015295e-35,0.00038982148,0.0,0.00017644392,5.1811836e-05,0.0,0.0,0.0,0.0,0.00031282239282061326,AutoETS
77_CPU,0.057836447,9.91609e-05,9.911695e-05,834.2813,984.07715,411.62393,33.030323,411.62393,9.9116376e-05,819.6988229070176,Naive
78_CPU,23.727448,0.00042936273,0.00043683167,759.3684,934.4143,389.3451,34.29553,389.3451,0.00043690784,844.4046683981528,AutoTheta
79_CPU,0.13370612,0.36262017,0.007648967,686.3266,739.2674,319.44232,28.903158,319.44232,0.0076488713,775.2977653216258,Naive
7_CPU,0.004310666,0.0059154513,0.004729589,0.006111994,0.006995202,0.0109327845,0.00388487,0.0109327845,0.0038760288,0.016832236361201028,Naive
80_CPU,0.0,0.00037948074,0.0,0.00017231503,4.6735706e-05,0.0,0.0,0.0,0.0,0.0003698053100443767,AutoARIMA
81_CPU,0.0,0.00038568163,0.0,0.00019477107,5.246849e-05,0.0,0.0,0.0,0.0,0.00034668172370970035,AutoARIMA
82_CPU,2.3442412e-06,2.7829253e-07,9.513381e-05,4.2652347e-05,4.991934e-05,0.0,2.2856779e-07,0.0,2.411261e-07,1.175003054178882e-05,SeasonalNaive
83_CPU,0.79338545,0.22675239,0.24154769,1.0650707,1.0757381,0.8121273,0.22609793,0.8121273,0.3523003,1.096508674811122,WindowAverage
84_CPU,0.011301983,0.009335783,0.010941438,0.0103118885,0.0076467055,0.003451217,0.006188648,0.003451217,0.006059887,0.012448007567349992,SeasonalNaive
85_CPU,0.008255252,0.024526171,0.019097378,0.029974129,0.027555367,0.0038798878,0.01901291,0.0038798878,0.023755353,0.06568877406989644,SeasonalNaive
86_CPU,0.025111876,0.01574967,0.04233743,0.08110889,0.06732863,0.0018059841,0.014876856,0.0018059841,0.016183771,0.026581133497611997,SeasonalNaive
87_CPU,0.0082810465,0.0077779423,0.010317799,0.014844535,0.0060624555,0.007814644,0.0070801196,0.007814644,0.008583676,0.011364481044786653,MSTL
88_CPU,0.00068758585,0.0007749534,0.0021736436,0.0050386437,0.0064276364,0.00043295618,0.0006715107,0.00043295618,0.00068758585,0.006961855671691105,SeasonalNaive
89_CPU,6.0233364,0.2798673,30.511871,17.264168,16.53028,2.3411875,0.5373452,2.3411875,0.35292202,16.74304489143379,AutoTheta
8_CPU,0.35158178,0.019720962,7.586111,5.0001287,2.729022,0.0046416325,0.0051258146,0.0046416325,0.007457993,1.788954338558406,SeasonalNaive
90_CPU,1.1630511,0.0067225364,0.0051636947,0.0055364277,0.005591875,0.008490013,0.016430065,0.008490013,0.021943813,0.010265835015316273,AutoETS
91_CPU,0.01392165,0.014311818,0.012195557,0.016515763,0.014070602,0.0036778764,0.01921862,0.0036778764,0.023747003,0.015737346712346393,SeasonalNaive
92_CPU,0.003913218,0.0043109255,0.0054111374,0.004383076,0.0043831295,0.015063448,0.12923902,0.015063448,0.13445303,0.1188973415874389,AutoARIMA
93_CPU,1.296418,0.4430817,0.44317538,14.976277,15.8071785,78.719505,11.470829,78.719505,0.37230125,68.01026586803806,Naive
94_CPU,1.1219311,2.935526,5.6772733,7.249504,4.8712077,4.5097456,0.30046415,4.5097456,0.04419431,3.249914247547707,Naive
95_CPU,31.804008,26.50519,70.82024,28.13672,16.117226,2.9732716,22.529705,2.9732716,25.023836,15.741870831272703,SeasonalNaive
96_CPU,3.8760846,10.229242,28.219896,30.229496,28.137909,0.20994839,7.229916,0.20994839,8.00491,54.045829367167215,SeasonalNaive
97_CPU,1.9024249,3.2124977,3.1831207,2.1332927,2.665621,0.43060052,0.53111553,0.43060052,0.54653215,1.3397546202351878,SeasonalNaive
98_CPU,0.054719623,0.02983109,0.041853257,0.029465036,0.029952807,0.05605322,0.03368421,0.05605322,0.0364251,0.031529868604136,CES
99_CPU,0.056775536,0.08794997,0.07777815,0.021812426,0.019491328,0.03396144,0.08515557,0.03396144,0.07669605,0.07231577603114463,MSTL
9_CPU,154.50595,0.0035630816,0.019439947,0.23712598,0.23371392,0.004699027,0.0036553964,0.004699027,0.0038588399,0.22305034721219397,AutoTheta
